source_id,citation_role,zotero_key
eea_climate_adapt,primary,
jrc_risk_data_hub,primary,
effis_wildfire,primary,
copernicus_cds,primary,
eba_esg_dashboard,primary,
ecb_physical_risk_indicators,primary,
hq_flood_extent,primary,
wlv_gefahrenzonenplan,primary,
hora,primary,
wri_aqueduct,primary,
moodys_physical_risk,primary,
munich_re_nathan,primary,
world_bank_gfdrr,primary,
kryomon_at,primary,
hvd_fbnr_oenace,primary,
wirtschafts_compass,primary,
geosphere_spartacus,primary,
geosphere_winfore_spei,primary,
climate_x,primary,
jupiter_intelligence,primary,
copernicus_climate_indicators,primary,
