source_id,source_name,short_description,operator,source_type,risk_type,relevance_level,geographic_scope,granularity_level,download,api,web_interface_type,download_format,technical_effort,portfolio_ready,portfolio_ready_reason,url,last_checked,key_limitation
eea_climate_adapt,Climate-ADAPT,European climate adaptation knowledge portal,European Environment Agency (EEA),Public,Physical,Context only,EU-wide,EU macro-region only (Northern/Central/Southern Europe); no within-country resolution,No,No,Map portal,,Low,No,technical,climate-adapt.eea.europa.eu,2026-08-27,"No downloadable data; resolves only to 3 European macro-regions, no within-Austria differentiation."
jrc_risk_data_hub,Risk Data Hub (RDH),EU-wide multi-hazard risk and loss data platform,Joint Research Centre (JRC) / DRMKC,Public,Physical,Primary,"EU, EFTA, IPA countries",Regional (NUTS 2/3),Yes,Yes,Map portal,"Shapefile, GeoJSON (GIS layers)",Medium,Partly,granularity,drmkc.jrc.ec.europa.eu/risk-data-hub,2026-08-22,Vulnerability and Risk Analysis modules are documented by JRC as ongoing work.
effis_wildfire,European Forest Fire Information System (EFFIS),Wildfire danger index and burnt-area data for Europe,JRC / Copernicus EMS (EFFIS),Public,Physical,Supplementary,"Europe, MENA",Grid / raster,Yes,No,OGC map service (WMS/WFS),"Shapefile (vector), GeoTIFF (raster, ~250m resolution)",High,Partly,granularity,drmkc.jrc.ec.europa.eu/risk-data-hub#/atlas/metadata/wildfire_effis,2026-08-22,Wildfire only; raw time-varying raster requires own aggregation choice and GIS overlay.
copernicus_cds,Copernicus Climate Data Store (CDS),Climate variables and derived hazard reference datasets,ECMWF on behalf of the EU,Public,Physical,Primary,Global (EU focus),Grid / raster,Yes,Yes,Map portal,NetCDF (some datasets: GRIB),High,No,granularity,cds.climate.copernicus.eu,2026-08-22,"General-purpose raw data, not a ready-made hazard layer; sub-datasets may carry stricter licence terms."
eba_esg_dashboard,EBA ESG Dashboard,Aggregated ESG risk indicators at EU bank level,European Banking Authority (EBA),Public,Both,Context only,EU/EEA,Institution / portfolio level,No,No,Statistics dashboard,,Low,No,technical,eba.europa.eu/risk-and-data-analysis/risk-analysis/risk-monitoring/esg-dashboard,2026-08-27,Aggregate bank-level statistics only; no per-exposure data at all.
ecb_physical_risk_indicators,ECB Climate-Related Physical Risk Indicators,Methodology and euro-area statistics on physical risk exposure,European Central Bank (ECB),Public,Physical,Methodological,Euro area,Institution / portfolio level,No,No,Statistics dashboard,,Low,No,technical,www.ecb.europa.eu/stats/all-key-statistics/horizontal-indicators/sustainability-indicators/data/html/ecb.climate_indicators_physical_risks.en.html,2026-08-27,Underlying data (AnaCredit/RIAD) not accessible to an SNCI; only the methodology is usable.
bundeslaender_open_data,BWV Gefahrenzonenplan (Bundesdatensatz),"National flood extent dataset (HQ30/HQ100/HQ300) combining Abflussuntersuchungen (ABU), HORA and, in part, BWV/WLV hazard zoning plans","Umweltbundesamt GmbH, on behalf of BMLUK (data owner)",Public,Physical,Primary,"Austria (national, harmonised)","Vector, 1:25,000 (national harmonisation of parcel/address-level state source data)",Yes,No,OGC WMS/WFS + INSPIRE Atom download service,"GML / Shapefile (per hazard layer, direct .zip links)",Low,Yes,ready,geoportal.inspire.gv.at/metadatensuche/inspire/api/records/06a75330-49e1-482e-b430-7adf3a8863bc,2026-08-27,Data currency ~6 years old (Oct 2020); composite of sources with differing vintages.
wlv_gefahrenzonenplan,WLV Gefahrenzonenplan (GZP),"National hazard zoning for torrents, avalanches and mass movements",Forsttechnischer Dienst fuer Wildbach- und Lawinenverbauung (BMLUK),Public,Physical,Primary,Austria,Parcel / address level,Yes,No,OGC map service (WMS/WFS),Shapefile,Low,Yes,ready,data.gv.at/katalog/datasets/4dd803f4-a744-4047-8dbb-2ce6483337b0,2026-08-27,Mapped only within settled areas; unmapped location does not necessarily mean no hazard.
hora,Hochwasserrisikozonierung Austria (HORA),Address-level natural hazard viewer for Austria,BML / Austrian Insurance Association / GeoSphere Austria,Public,Physical,Primary,Austria,Parcel / address level,No,No,Single-record lookup,,High,No,technical,hora.gv.at,2026-08-22,No bulk/API access - individual queries only; map content not legally binding.
wri_aqueduct,Aqueduct Water Risk Atlas,Global water stress and drought risk indicators,World Resources Institute (WRI),Public,Physical,Supplementary,Global,Sub-catchment,Yes,Yes,Map portal,"CSV, Shapefile, GeoPackage (.gpkg) - baseline data CSV/GeoPackage only, exceeds shapefile column limit",Medium,Partly,granularity,www.wri.org/applications/aqueduct/water-risk-atlas/,2026-08-27,"Global tool not locally validated for Austria; watershed-level granularity, coarser than parcel level."
moodys_physical_risk,Moody's Physical Risk Data,Commercial facility-level physical climate risk scores,Moody's ESG Solutions,Commercial,Physical,Primary,Global,Facility / object level,No,Yes,Commercial analytics platform,,Low,Yes,ready,www.moodys.com/web/en/us/capabilities/physical-transition-risk.html,2026-08-27,Storm = tropical cyclones only (not Austria-relevant); heat wave and drought coverage unconfirmed.
munich_re_nathan,NATHAN Risk Suite,Commercial natural hazard and climate scenario scores,Munich Re,Commercial,Physical,Primary,Global,Facility / object level,No,Yes,Commercial analytics platform,,Low,Yes,ready,www.munichre.com/rmp/en/products/location-risk-intelligence/natural-hazards-edition.html,2026-08-27,"Heat/drought/water stress only in a separate, unnamed ""13 climate hazards"" edition - unconfirmed."
world_bank_gfdrr,World Bank Data Catalog / Risk Data Library (RDL),Global historical disaster and climate risk datasets,World Bank Group / GFDRR,Public,Physical,Supplementary,Global (development-country focus),District (ADM2) level via ThinkHazard!; Risk Data Library dataset granularity varies (e.g. global landslide hazard map is gridded),Yes,Yes,Web portal (generic),"JSON, XML, CSV (API); format varies by dataset for Risk Data Library",Medium,Partly,granularity,thinkhazard.org,2026-08-27,"ThinkHazard! differentiates only to district (ADM2) level, coarser than the parcel-level Austrian sources; the bundled Risk Data Library has separate, dataset-specific granularity."
kryomon_at,Kryosphaeren-Monitoring Oesterreich (KryoMon.AT),"Austrian permafrost, glacier and snow monitoring reports","Universitaet Graz et al., Klimaschutzministerium",Public,Physical,Context only,Austria,Station-based,Yes,No,Reports/publications website,PDF (reports),High,No,technical,kryomon-austria.at,2026-08-22,"Station-based narrative reports, not a spatial layer; cannot be overlaid with portfolio locations."
hvd_fbnr_oenace,Firmenbuchnummer OeNACE Zuordnung (HVD),"Official OeNACE 2025 assignment per company, keyed to the Firmenbuch number",Statistik Austria,Public,Transition,Primary,Austria,Entity level,Yes,No,Web portal (generic),CSV,Low,Yes,ready,data.statistik.gv.at/web/meta.jsp?dataset=OGDEXT_HVD_FBNR_OENACE_1,2026-08-27,Companies without an assigned OeNACE code remain unmatched.
wirtschafts_compass,Wirtschafts-Compass,Commercial Austrian company data service with OeNACE codes,Compass-Verlag GmbH,Commercial,Transition,Supplementary,Austria,Entity level,No,Yes,Web portal (generic),,Low,Yes,ready,wirtschaftscompass.at,2026-08-26,Cost is institution-dependent; some banks may already hold a sector licence.
